<?xml version="1.0" encoding="UTF-8"?>
<project-private xmlns="http://www.netbeans.org/ns/project-private/1">
    <editor-bookmarks xmlns="http://www.netbeans.org/ns/editor-bookmarks/2" lastBookmarkId="0"/>
    <open-files xmlns="http://www.netbeans.org/ns/projectui-open-files/2">
        <group>
            <file>file:/C:/Users/admin/Downloads/Chat-room2-main/Chat-room2-main/Server/src/Models/ClientListener.java</file>
            <file>file:/C:/Users/admin/Downloads/Chat-room2-main/Chat-room2-main/Server/src/Server/RunServer.java</file>
            <file>file:/C:/Users/admin/Downloads/Chat-room2-main/Chat-room2-main/Server/src/Models/Message.java</file>
            <file>file:/C:/Users/admin/Downloads/Chat-room2-main/Chat-room2-main/Server/src/Models/Room.java</file>
            <file>file:/C:/Users/admin/Downloads/Chat-room2-main/Chat-room2-main/Server/src/Models/Client.java</file>
            <file>file:/C:/Users/admin/Downloads/Chat-room2-main/Chat-room2-main/Server/src/Models/Attachment.java</file>
            <file>file:/C:/Users/admin/Downloads/Chat-room2-main/Chat-room2-main/Server/src/Models/Service.java</file>
        </group>
    </open-files>
</project-private>
