<?xml version="1.0" encoding="UTF-8"?>
<project-private xmlns="http://www.netbeans.org/ns/project-private/1">
    <editor-bookmarks xmlns="http://www.netbeans.org/ns/editor-bookmarks/2" lastBookmarkId="0"/>
    <open-files xmlns="http://www.netbeans.org/ns/projectui-open-files/2">
        <group>
            <file>file:/C:/Users/admin/Downloads/Chat-room2-main/Chat-room2-main/RMI_Authenciation/src/Models/Util.java</file>
            <file>file:/C:/Users/admin/Downloads/Chat-room2-main/Chat-room2-main/RMI_Authenciation/src/Models/Session.java</file>
            <file>file:/C:/Users/admin/Downloads/Chat-room2-main/Chat-room2-main/RMI_Authenciation/src/Models/User.java</file>
            <file>file:/C:/Users/admin/Downloads/Chat-room2-main/Chat-room2-main/RMI_Authenciation/src/Models/AuthenciationServiceImp.java</file>
            <file>file:/C:/Users/admin/Downloads/Chat-room2-main/Chat-room2-main/RMI_Authenciation/src/Models/AuthenciationService.java</file>
            <file>file:/C:/Users/admin/Downloads/Chat-room2-main/Chat-room2-main/RMI_Authenciation/src/rmi_authenciation/RMI_Authenciation.java</file>
            <file>file:/C:/Users/admin/Downloads/Chat-room2-main/Chat-room2-main/RMI_Authenciation/src/Models/ClientSocket.java</file>
        </group>
    </open-files>
</project-private>
