<?xml version="1.0" encoding="UTF-8"?>
<project-private xmlns="http://www.netbeans.org/ns/project-private/1">
    <editor-bookmarks xmlns="http://www.netbeans.org/ns/editor-bookmarks/2" lastBookmarkId="0"/>
    <open-files xmlns="http://www.netbeans.org/ns/projectui-open-files/2">
        <group>
            <file>file:/C:/Users/admin/Downloads/Chat-room2-main/Chat-room2-main/Client/src/Models/Session.java</file>
            <file>file:/C:/Users/admin/Downloads/Chat-room2-main/Chat-room2-main/Client/src/Models/FileDownloader.java</file>
            <file>file:/C:/Users/admin/Downloads/Chat-room2-main/Chat-room2-main/Client/src/Client/FrmLogin.java</file>
            <file>file:/C:/Users/admin/Downloads/Chat-room2-main/Chat-room2-main/Client/src/Client/FrmChat.java</file>
            <file>file:/C:/Users/admin/Downloads/Chat-room2-main/Chat-room2-main/Client/src/Client/FrmRegister.java</file>
            <file>file:/C:/Users/admin/Downloads/Chat-room2-main/Chat-room2-main/Client/src/Models/RunnableServerFile.java</file>
            <file>file:/C:/Users/admin/Downloads/Chat-room2-main/Chat-room2-main/Client/src/Models/AuthenciationService.java</file>
            <file>file:/C:/Users/admin/Downloads/Chat-room2-main/Chat-room2-main/Client/src/Client/RunClient.java</file>
            <file>file:/C:/Users/admin/Downloads/Chat-room2-main/Chat-room2-main/Client/src/Models/ImageUtils.java</file>
            <file>file:/C:/Users/admin/Downloads/Chat-room2-main/Chat-room2-main/Client/src/Client/FrmDashboard.java</file>
            <file>file:/C:/Users/admin/Downloads/Chat-room2-main/Chat-room2-main/Client/src/Client/FrmPreviewImage.java</file>
        </group>
    </open-files>
</project-private>
